id,first_name,last_name,age,gender,income
1,Conn,Biagioni,43,Male,41959
2,Jared,Jealous,30,Male,42940
3,Xaviera,Feild,31,Female,264831
4,Norma,Critcher,46,Female,144479
5,Gardie,Henderson,21,Male,56512
6,Mame,Longstaffe,21,Female,134390
7,Joannes,Klees,68,Female,265748
8,Karita,Kunisch,30,Female,260238
9,Alane,Lynett,19,Female,139323
10,Marlena,Dod,71,Female,85463
11,Rene,Duran,38,Female,252416
12,Northrop,Ambroz,18,Male,273526
13,Hazel,Shillom,43,Male,136747
14,Haywood,Barok,67,Male,38279
15,Hamlin,Santora,33,Male,102746
16,Gaelan,Jenoure,76,Male,84436
17,Kinny,Brixham,72,Male,40068
18,Debera,Denkel,35,Female,65990
19,Elianore,Grishagin,70,Female,179239
20,Devan,Oblein,76,Female,113697
21,Rosabella,Winterson,49,Female,270286
22,Karissa,Cholomin,54,Female,243329
23,Scott,Ward,20,Bigender,207374
24,Rinaldo,Dimitriou,68,Male,33425
25,Lebbie,Giotto,23,Genderqueer,94765
26,Opal,Makey,41,Female,201467
27,Ernaline,Giraudot,53,Female,67469
28,Eddie,Sanches,22,Female,257846
29,Pattie,Garlinge,72,Female,90889
30,Dacey,MacAdam,59,Female,62418
31,Jacinthe,Comini,72,Female,200894
32,Spense,Stiebler,74,Male,161880
33,Roanne,Alcido,30,Female,225246
34,Farlee,Sprowle,29,Male,237465
35,Evelin,Giovannoni,65,Male,167936
36,Ketty,Kelleher,67,Female,61318
37,Sharlene,Notman,53,Female,133998
38,Kinny,Dondon,53,Male,44675
39,Padraig,Feasley,41,Male,82613
40,Leone,Priddis,69,Bigender,117776
41,Jesse,Swett,72,Male,145444
42,Jud,Muckeen,40,Male,234813
43,Derk,Simms,46,Male,34450
44,Pryce,Hollebon,75,Male,99522
45,Theresina,Murdy,45,Female,82647
46,Brice,Castellino,48,Male,187431
47,Katy,Sketcher,76,Female,81998
48,Hakeem,Hallwood,32,Male,149376
49,Trever,Steel,45,Male,89963
50,Carmine,Brute,23,Genderfluid,59189
51,Mario,Fearfull,37,Male,152249
52,Emlyn,Glanders,45,Female,77202
53,Kiri,Tomsen,29,Female,195690
54,Germayne,Filipponi,31,Male,168746
55,Mollie,Cucinotta,72,Female,207214
56,Symon,Shovlin,29,Male,267961
57,Preston,Fenner,38,Male,91619
58,Brande,Granville,50,Female,106802
59,Idette,Everley,63,Female,69906
60,Alice,Crewe,51,Female,264173
61,Elora,Runham,38,Female,274824
62,Ross,Hawkeswood,41,Male,77530
63,Shir,Ibell,75,Female,168424
64,Eleni,Seldon,62,Female,48438
65,Myrtice,Paler,69,Female,39092
66,Rosabelle,Hurford,43,Female,49799
67,Caresa,Collumbell,66,Female,159083
68,Gaelan,Leborgne,58,Male,147422
69,Burke,Huson,39,Male,212087
70,Crysta,Tollet,40,Female,38984
71,Berty,Cleife,55,Female,213388
72,Quill,Raise,24,Male,91539
73,Corty,Dedam,72,Male,154828
74,Hugh,Kimbrough,34,Male,219675
75,Georg,Schaffler,34,Male,131731
76,Erhart,Ingman,70,Male,180757
77,Marco,Salaman,46,Male,211280
78,Bronny,Fri,33,Male,81524
79,Kaile,Blackbrough,59,Female,265938
80,Jareb,Lundberg,72,Male,219310
81,Angeline,Ware,23,Female,164835
82,Sven,Aldhous,51,Male,157940
83,Yehudi,Mattiessen,63,Non-binary,275539
84,Isiahi,Cheers,42,Male,157484
85,Klemens,Macy,22,Male,204063
86,Etty,Quibell,52,Female,33801
87,Irvine,Enston,45,Male,46983
88,Ardyth,Edmund,37,Female,219329
89,Lovell,Anstey,44,Male,53193
90,Costa,Soppett,35,Male,275792
91,Dael,Kollasch,49,Male,256346
92,Rikki,Robison,52,Male,206938
93,Abram,Halpin,61,Male,264805
94,Karyl,Ponder,48,Female,210164
95,Edvard,Guilbert,62,Non-binary,90576
96,Norah,Gundry,52,Female,61394
97,Kalindi,Girton,64,Female,248799
98,Leonidas,Curro,50,Male,100611
99,Loise,Sandall,57,Female,198393
100,Cliff,Coolson,32,Male,109337
101,Giffer,St Pierre,37,Male,192823
102,Chantalle,Eglin,27,Female,89239
103,Cross,Pawellek,49,Male,44859
104,Siobhan,Scholer,36,Female,188259
105,Nicholas,Platfoot,60,Male,191859
106,Matilde,Mumbey,30,Female,52527
107,Townsend,O'Shea,65,Non-binary,196983
108,Abbi,Pretley,59,Female,196308
109,Sarajane,Graundisson,52,Female,129683
110,Pier,Woollam,20,Female,141257
111,Ibbie,Greswell,62,Female,149062
112,Harlan,Roycraft,26,Polygender,112814
113,Lenka,Ades,29,Female,43083
114,Cacilia,Betteridge,18,Female,182234
115,Andras,McCleary,34,Male,133573
116,Barty,Casse,27,Male,61421
117,Milty,Wesgate,39,Male,98010
118,Charmian,Klambt,42,Female,61072
119,Huntington,Wheowall,75,Male,184768
120,Sherill,Swainsbury,37,Female,174924
121,Conant,Duffan,39,Male,198811
122,Doretta,Gavini,45,Female,238557
123,Jessy,McGinnis,45,Female,231246
124,Judi,De Caville,66,Female,75659
125,Maureen,Domange,48,Female,106881
126,Terrel,Peerman,31,Male,272340
127,Skipton,Aliberti,38,Male,204027
128,Jackelyn,Oddboy,58,Female,249743
129,Gav,Adnet,22,Genderqueer,234276
130,Fonzie,Benfell,64,Male,148474
131,Terencio,Epine,25,Male,251301
132,Alta,Paramore,55,Polygender,137472
133,Angelico,Baitson,70,Male,168869
134,Gwenni,Kightly,72,Female,89934
135,Carlota,Fibbens,38,Female,53840
136,Dana,Groll,30,Female,98692
137,Troy,Trangmar,28,Male,88751
138,Ilario,Vollam,63,Male,255205
139,Armstrong,Dikles,28,Male,241663
140,Lillis,Deere,29,Female,67053
141,Heywood,Braunthal,30,Male,71999
142,Thorvald,O'Beirne,18,Male,192686
143,Price,Tather,38,Male,228185
144,Amalita,Staning,75,Female,226280
145,Ingamar,Darnbrook,60,Male,201196
146,Hogan,Paynton,27,Male,140745
147,Lockwood,Bruniges,45,Genderfluid,103945
148,Emelia,MacMakin,35,Female,247761
149,Stoddard,MacAllister,40,Female,98744
150,Algernon,Kennion,37,Male,225501
151,Amalea,O'Hannay,20,Female,159766
152,Loren,Planke,58,Genderfluid,84066
153,Chris,Aldersea,40,Male,224777
154,Nanete,Millichip,75,Non-binary,256667
155,Henrik,Melbourn,68,Male,162190
156,Erika,Glassman,37,Female,81945
157,Gordon,Dundredge,25,Male,154117
158,Kristofer,Silcocks,50,Polygender,160064
159,Ulrich,Veld,58,Male,136958
160,Neron,Titheridge,65,Male,114041
161,Tammie,Leasor,52,Non-binary,71791
162,Elli,Folger,68,Female,199114
163,Tilda,Barden,54,Female,229843
164,Alvira,Braybrooke,47,Female,274216
165,Adelind,Perotti,22,Female,162904
166,Trista,Brotherhead,65,Female,93500
167,Emmy,Dalla,71,Female,102565
168,Riki,Dubbin,29,Polygender,221358
169,Gaby,Napier,75,Male,276312
170,Isacco,Greder,46,Male,251139
171,Marion,Stenbridge,41,Female,162091
172,Tomasine,Gallymore,34,Female,200607
173,Clara,Kalinsky,56,Female,271342
174,Elfreda,Bocking,32,Female,257458
175,Johnnie,Nanetti,20,Male,212881
176,Ailis,Hendrikse,56,Female,196253
177,Petronille,Elven,51,Female,53521
178,Nariko,Money,25,Agender,126979
179,Alexandro,Sambidge,50,Male,187439
180,Barbaraanne,Slimme,49,Female,246455
181,Harp,Chittock,50,Male,270481
182,Micheal,Duinbleton,54,Male,45072
183,Taylor,Bruyet,75,Non-binary,154939
184,Faunie,Brittain,42,Female,242418
185,Loni,Levis,73,Female,85933
186,Morley,Merfin,37,Male,253512
187,Maddi,Eastope,57,Female,126522
188,La verne,Temperley,57,Female,248136
189,Thadeus,Pentelo,68,Male,219367
190,Bari,Dibbert,63,Female,197506
191,Agathe,Reddie,34,Female,259313
192,Novelia,Hightown,40,Female,73556
193,Charlene,Valentelli,61,Female,59943
194,Selinda,Dempster,63,Female,260386
195,Lindsey,Gavrielli,58,Male,134797
196,Merrill,O'Leahy,28,Female,174310
197,Ivy,Riatt,73,Female,33100
198,Katharine,Tilsley,75,Female,232169
199,Kermy,Durak,37,Male,246170
200,Clayton,Seilmann,38,Male,83416
201,Henderson,Sperring,34,Non-binary,57120
202,Nevil,Snedker,23,Male,216112
203,Nerissa,Jaan,55,Female,276320
204,Lawry,Catteroll,64,Male,106166
205,Jermain,Screaton,73,Male,211036
206,Batholomew,Kobisch,50,Male,62160
207,Ase,Rogger,65,Male,46897
208,Malynda,Nelsen,40,Female,34235
209,Desmund,Bouller,65,Male,266722
210,Leland,Scimoni,66,Female,58265
211,Krystal,Brimmell,65,Female,190096
212,Rubin,Hutton,45,Male,234470
213,Lonnie,Estabrook,33,Female,41330
214,Cyrus,Blaxland,63,Male,131998
215,Blaine,Kopfen,74,Male,259460
216,Flossie,Pacitti,24,Female,214526
217,Jaquenetta,Jemison,69,Female,51719
218,Leeanne,Overil,42,Female,138822
219,Omar,McSporrin,34,Male,232005
220,Catlaina,McCathay,23,Female,274105
221,Ewart,Pestridge,75,Male,68624
222,Teodorico,Grzesiewicz,26,Male,120723
223,Roth,Molesworth,51,Male,102528
224,Hakeem,Smallwood,18,Genderqueer,85163
225,Blaire,Kollaschek,21,Female,144204
226,Fraze,Guerrieri,23,Male,157241
227,Imogene,Monelle,26,Female,126089
228,Brooke,Martensen,22,Male,61645
229,Araldo,Tinklin,44,Male,110488
230,Vinson,Hobell,43,Male,90800
231,Siward,Tal,22,Male,124840
232,Jacqueline,Fudger,64,Female,231870
233,Batsheva,Craister,40,Female,128223
234,Wendeline,Elfleet,32,Female,260954
235,Bibbye,Capoun,38,Female,218755
236,Kleon,Manuele,48,Male,81824
237,Merissa,Vaillant,48,Female,118775
238,Fern,Farguhar,61,Female,111727
239,Raffarty,Wales,53,Male,58323
240,Padget,Sollitt,36,Male,143192
241,Idalina,Ferrey,37,Genderfluid,255261
242,Sarine,Ferandez,68,Female,177893
243,Magnum,Rickell,18,Male,88641
244,Seka,Sappson,59,Female,267162
245,Mallissa,Blase,65,Female,216114
246,Andromache,Mellows,20,Female,249518
247,Joannes,Tight,49,Female,156188
248,Nanci,Tunuy,25,Female,234927
249,Jocelin,Brumbie,59,Female,250322
250,Nert,Danbury,39,Female,149415
251,Mabel,Jurgenson,52,Female,253718
252,Bret,Klasing,24,Male,242117
253,Tamarra,Bowskill,68,Female,34577
254,Antonino,Alliberton,76,Male,142559
255,Lorrayne,Cansdill,29,Female,47353
256,Carlyle,Cotterill,67,Male,115334
257,Catherine,Suttell,51,Female,229052
258,Datha,Wisbey,37,Female,39328
259,Jemmie,Touret,53,Female,47353
260,Cliff,Butland,66,Male,227503
261,Ervin,Villaret,26,Male,186507
262,Aldrich,Marchant,69,Male,145038
263,Winona,Munns,41,Female,101577
264,Alikee,Aglione,76,Female,266665
265,Joshia,Milborn,22,Male,246747
266,Berti,Sneath,30,Male,212173
267,Lanie,Peace,46,Female,220459
268,Karlyn,Cutten,60,Female,124190
269,Ema,O'Hengerty,74,Female,61404
270,Jandy,Melville,55,Female,72077
271,Homerus,Leakner,27,Male,255134
272,Lyon,Matveiko,36,Male,165552
273,Tamqrah,Stanfield,75,Female,142057
274,Alison,Kulvear,49,Female,140697
275,Lindy,Blatcher,61,Female,142301
276,Felic,Cartwight,70,Male,118695
277,Chaim,Klimentyonok,33,Male,234025
278,Rosalinde,Beinke,58,Female,196209
279,Brantley,Myrie,27,Male,103469
280,Matty,Neubigging,29,Male,94401
281,Benson,Bergeau,51,Male,269287
282,Nefen,Ewer,47,Male,218023
283,Krishna,Royan,39,Male,102784
284,Gaylor,Mecozzi,75,Polygender,200825
285,Matias,Tippell,72,Non-binary,201011
286,Sharleen,Ansty,28,Female,207985
287,Shane,Szymon,32,Female,41755
288,Francesco,Cowen,75,Male,109509
289,Englebert,Brewitt,65,Male,162902
290,Dolores,Roughan,62,Female,179640
291,Upton,Moiser,40,Bigender,129779
292,Inna,Sandford,76,Female,105386
293,Fredrick,Tippin,63,Male,202132
294,Ashla,Rock,69,Female,42617
295,Alden,Acosta,26,Male,174217
296,Hilary,Wank,49,Genderfluid,196053
297,Teador,Eberle,20,Male,205114
298,Jeanelle,Lupson,37,Female,123468
299,Ursa,Gianilli,20,Female,272274
300,Sandro,Cowdray,74,Male,54301
301,Callie,Enoksson,68,Female,129078
302,Ula,Derby,69,Female,135019
303,Shepperd,Kernan,55,Male,234005
304,Jerrine,Stenbridge,73,Polygender,47241
305,Freddy,Corbally,31,Male,118919
306,Bessie,Domanski,59,Female,273761
307,Willetta,Avard,63,Female,168109
308,Basil,Gibben,34,Male,150178
309,Maighdiln,McDonell,42,Non-binary,45328
310,Jany,McCulley,50,Female,104521
311,Ursa,Fenelow,35,Female,276162
312,Mack,Jzak,76,Male,58253
313,Nadya,Radeliffe,58,Female,219682
314,Falkner,Gwyllt,71,Male,102876
315,Aurelie,Bunning,76,Female,85702
316,Edsel,Ralphs,40,Male,42496
317,Neal,Ville,23,Male,75152
318,Mac,Espinosa,18,Male,178100
319,Modestia,Corradi,33,Female,111793
320,Ketty,Haking,58,Female,111805
321,Maggi,Lanham,26,Female,116315
322,Illa,Denkin,49,Female,76783
323,Graig,Hanaby,56,Male,183602
324,Leland,Cracie,35,Female,218651
325,Hayden,Illston,46,Male,238969
326,Thedric,Tite,76,Male,89679
327,Karee,Finnigan,54,Female,252481
328,Ketty,Caurah,18,Non-binary,224661
329,Bab,Summerill,69,Female,137041
330,Hewitt,Yakovich,55,Male,149926
331,Shaun,Phaup,42,Female,251071
332,Mariam,Strivens,52,Female,111012
333,Nadeen,Ashfull,76,Bigender,193025
334,Abbott,Gawthrope,54,Male,46741
335,Bathsheba,Brimman,70,Female,76282
336,Etheline,Burdfield,64,Female,161887
337,Idalina,Curr,32,Female,98688
338,Mile,Gerant,27,Male,205720
339,Gaby,Hammill,34,Male,189446
340,Randie,Fillgate,68,Female,150325
341,Liuka,Gorgl,62,Female,76838
342,Cinnamon,Blankett,48,Bigender,264002
343,Cyndia,Aveling,24,Genderqueer,164186
344,Merry,Hynson,24,Female,251877
345,Osmund,Cranney,31,Male,179370
346,Berty,Showt,26,Non-binary,219764
347,Bert,Jiroutka,54,Genderfluid,72154
348,Heindrick,Manicomb,69,Male,78674
349,Lew,Yeowell,46,Male,240921
350,Eolanda,Malmar,18,Female,67288
351,Margareta,Mineghelli,31,Female,143969
352,Alix,Bahls,52,Male,214008
353,Odilia,Jillard,74,Female,274948
354,Gino,Mitkin,40,Male,182297
355,Corrinne,Yushin,20,Female,240343
356,Kelby,Cheales,75,Male,39381
357,Bethanne,Challenor,38,Female,250176
358,Neville,Lomis,52,Bigender,169938
359,Ollie,Dorracott,74,Female,34136
360,Poppy,Peniello,70,Female,57717
361,Drusy,Gaffer,41,Female,272677
362,Darn,Scroggie,41,Male,104876
363,Jeana,Camamile,68,Female,164239
364,Dee dee,Everest,41,Female,44968
365,Yurik,Mc Queen,31,Agender,262230
366,Frieda,Stearn,34,Female,270112
367,Solomon,Kingh,45,Male,207006
368,Ruby,Phizakarley,67,Male,198224
369,Sollie,Supple,35,Male,253890
370,Alayne,Downing,35,Female,244581
371,My,Wickes,56,Male,109447
372,June,Klimochkin,72,Female,109334
373,Alana,Byatt,49,Female,193834
374,Gerry,Belson,44,Polygender,125601
375,Corina,Pedlar,68,Agender,42746
376,Mitchell,Sheryne,51,Male,142138
377,Dru,Zavattiero,40,Female,142411
378,Daryle,Callendar,54,Male,33811
379,Waneta,Southwell,33,Female,191029
380,Gaspar,Langstaff,51,Male,230522
381,Lissie,O'Riordan,21,Female,255952
382,Putnam,Castleton,66,Male,40163
383,Hinda,Girdler,62,Female,170429
384,Muffin,Christer,68,Male,170720
385,Amelita,Lockier,32,Female,84180
386,Cherilynn,Mohammed,34,Female,60561
387,Livia,Lillee,65,Female,121432
388,Ruperto,Napper,28,Male,241852
389,Susanna,Liddell,39,Female,49365
390,Dani,Hadigate,67,Polygender,120093
391,Gael,Ambrogetti,25,Male,187632
392,Tabbie,Cowser,74,Female,140619
393,Nealson,Binton,40,Genderqueer,76165
394,Mechelle,Yerborn,31,Female,255551
395,Gabriellia,Dael,65,Female,227974
396,Corella,Schwandner,20,Non-binary,267106
397,Burg,Rumbold,34,Male,194521
398,Lucho,Jurges,61,Male,226534
399,Kimble,Stiles,58,Male,133837
400,Ham,Swetmore,52,Male,191854
401,Briggs,Trueman,49,Male,75834
402,Tomkin,Anderl,49,Male,193522
403,Gert,Girardetti,25,Female,102971
404,Michel,Pinckstone,47,Male,104700
405,Von,Cariss,47,Male,100749
406,Duff,Wilder,64,Male,167813
407,Celisse,Fucher,75,Female,139814
408,Yuri,Turbayne,60,Male,54820
409,Ransell,Dunniom,44,Genderfluid,175357
410,Ali,Stanlike,49,Polygender,258044
411,Barnard,Clemoes,27,Male,60971
412,Sheppard,Jalland,18,Genderqueer,258815
413,Kiele,Backe,38,Female,174090
414,Hilliary,Ralling,63,Female,135567
415,Jemmie,Cartmer,39,Female,218671
416,Selestina,Hammerberg,76,Agender,202955
417,Carena,Eggle,55,Female,227689
418,Shandee,Coils,70,Female,194452
419,Allyson,Smewing,76,Female,166365
420,Magnum,Seaton,46,Male,154623
421,Prentiss,Brunotti,67,Male,253580
422,Brynna,Birchenhead,28,Female,140271
423,Hallsy,Brendish,62,Male,264439
424,Abigael,McQuillan,37,Female,68313
425,Alberik,MacMenamy,21,Polygender,273899
426,Levin,MacGowing,39,Male,274110
427,Katey,Nester,65,Female,118492
428,Riki,Pascow,27,Female,137385
429,Eleen,Kernell,18,Female,173649
430,Ade,Dilleston,34,Male,133542
431,Kilian,Selby,61,Male,89567
432,Thacher,Gration,65,Male,177481
433,Julius,MacKain,40,Male,259642
434,Jolyn,Sharkey,20,Female,115997
435,Colly,Starbucke,62,Bigender,145544
436,Haleigh,Van der Beek,50,Male,72812
437,Adriana,Mayor,58,Female,157368
438,Claudian,Yeiles,65,Male,188926
439,Cathyleen,Sarginson,55,Female,141286
440,Pernell,Wilkerson,20,Male,108246
441,Alix,Ditter,23,Female,194312
442,Francklyn,Midgley,72,Male,65657
443,Bartel,Shellibeer,69,Male,44935
444,Dotty,Peter,22,Female,113354
445,Eba,Lehrer,46,Female,125853
446,Pippa,Davage,47,Female,271105
447,Vita,Klos,65,Female,243727
448,Dredi,Horsey,67,Female,112594
449,Emlynne,Orts,21,Female,198155
450,Pammie,Riddeough,66,Female,85071
451,Sydelle,Cufflin,33,Female,150505
452,Umeko,Bordes,69,Female,265041
453,Ashien,Boxhall,48,Female,119253
454,Isaiah,Fourcade,64,Genderfluid,271791
455,Virge,Milan,63,Male,264539
456,Albrecht,Buick,50,Male,143856
457,Brian,Abramamovh,46,Male,47269
458,Vladimir,Kment,73,Male,131996
459,Carmela,Carletto,37,Female,50448
460,Luz,Guilayn,57,Female,33006
461,Armstrong,Marco,56,Male,226703
462,Letisha,Vedntyev,35,Female,249495
463,Rickie,Zaczek,20,Male,262590
464,Clemente,Sarten,67,Agender,204257
465,Irwin,Capitano,70,Male,179749
466,Gigi,Garrard,37,Female,216533
467,Michelle,Leasor,36,Female,231616
468,Bruis,Kemwal,26,Male,108261
469,Eachelle,Rosita,62,Female,126271
470,Cristine,Saer,68,Female,253462
471,Rod,Grahl,40,Male,211658
472,Ardys,Izkovicz,68,Female,227215
473,Kienan,Petrozzi,42,Male,226051
474,Erich,Tennock,45,Male,113830
475,Humfrid,Blockley,29,Male,275929
476,Zandra,Hyland,19,Female,65408
477,Christiane,Trynor,46,Bigender,68565
478,Michele,Lange,69,Male,35234
479,Travers,McGiffie,57,Male,75658
480,Ruddy,Keays,62,Non-binary,150755
481,Cy,Keijser,43,Male,113516
482,Blithe,Gowdridge,53,Female,107047
483,Jeno,Whimp,22,Male,186784
484,Garry,Mullinder,19,Male,161471
485,Jeanine,Janovsky,45,Female,143917
486,Dore,Hugnet,39,Female,242041
487,Gregorio,Edson,27,Male,68088
488,Ofilia,Gornall,34,Female,232913
489,Dan,McGrail,23,Male,154986
490,Codi,Smurfit,26,Female,221883
491,Huntlee,Chrisp,57,Male,160908
492,Verne,Menichillo,52,Non-binary,78147
493,Dukie,Tulip,24,Male,92242
494,Chiquita,Palluschek,42,Female,68051
495,Winonah,Ketcher,49,Female,51082
496,Val,Fredi,37,Female,203285
497,Inna,Woodworth,18,Female,184949
498,Ricca,Harnetty,57,Female,240481
499,Marcelia,Jain,39,Female,65118
500,Gianna,Goodin,30,Female,209739
501,Forest,Rodinger,64,Male,80702
502,Luis,Aronowitz,60,Male,108473
503,Vonny,Dabs,46,Genderqueer,122538
504,Mikkel,Dowsett,53,Polygender,74509
505,Rhianon,Northway,62,Bigender,113734
506,Denise,Styant,25,Female,194402
507,Terrel,McGeouch,35,Male,45315
508,Tully,Matczak,20,Male,82672
509,Linet,Sisselot,64,Female,135546
510,Stephanie,Drakes,58,Female,223823
511,Irvin,Whyberd,41,Male,200300
512,Tomlin,Leddie,76,Bigender,207679
513,Irving,Van Daalen,67,Male,201246
514,Dew,De la Feld,43,Male,36153
515,Drusie,Frie,25,Female,114401
516,Colette,Sirkett,44,Female,138943
517,Grantley,Canland,35,Male,215983
518,Barby,Braddock,37,Female,124738
519,Carina,Tabner,38,Female,201513
520,Dulcine,Norcross,66,Agender,67647
521,Vanya,Serchwell,40,Female,62847
522,Davine,Kirke,69,Female,63011
523,Tabor,Bailles,35,Male,231598
524,Tandie,Queyeiro,24,Female,81137
525,Creighton,Kearney,18,Male,157224
526,Hanni,Dwerryhouse,74,Female,272045
527,Pru,Paramore,36,Female,208222
528,Bryan,Murrison,68,Male,258584
529,Witty,Kneller,31,Male,171268
530,Raimondo,Lurriman,52,Male,39837
531,Osbourne,Colaton,60,Agender,208537
532,Electra,Le Gall,29,Female,116654
533,Hillie,Folker,25,Male,138159
534,Eve,Grzelczak,38,Female,257712
535,Lilyan,Everson,37,Female,146525
536,Cross,Bastable,40,Male,164723
537,Amos,Gossage,66,Male,228908
538,Hettie,Goter,35,Genderfluid,65444
539,Mavis,Start,70,Female,201093
540,Adelbert,Spurett,70,Male,244061
541,Maryann,Kindell,65,Agender,102526
542,Gradey,Whithalgh,76,Male,225345
543,Bobinette,McInility,47,Female,215674
544,Teirtza,Kenvin,19,Female,181595
545,Sherri,Battershall,38,Female,120229
546,Robinette,Kohn,39,Polygender,183733
547,Hendrik,Muzzollo,49,Male,230380
548,Town,Hamlyn,74,Male,234276
549,Saunder,Sallowaye,62,Male,269890
550,Guillaume,Pawelski,71,Male,241809
551,Alphonso,Pordal,34,Male,100270
552,Willabella,Chiswell,44,Female,91602
553,Germaine,Cottem,53,Genderqueer,112562
554,Lew,Gatland,45,Male,275648
555,Mariette,Waszczykowski,39,Female,222085
556,Sephira,Hughson,49,Female,97728
557,Steve,McKinnell,42,Male,76329
558,Joanne,Mansford,66,Female,36295
559,Mora,Jacmard,29,Female,258690
560,Margaret,Fillgate,57,Female,268154
561,Nettie,Wooller,31,Female,222829
562,Sibbie,Frisdick,18,Female,42551
563,Marv,Ingerith,70,Male,230660
564,Chere,Burner,70,Female,119834
565,Calv,Barock,32,Male,182920
566,Crista,Buy,22,Female,143986
567,Kellsie,Rickhuss,62,Female,204262
568,Latrena,Gatfield,35,Female,212038
569,Barn,Vautre,73,Male,53708
570,Kinsley,Biasini,46,Male,103429
571,Reinaldo,Enrietto,22,Male,77965
572,Lanni,Clewes,26,Female,123061
573,Hadlee,Colecrough,76,Male,145908
574,Clifford,Christiensen,47,Male,168124
575,Roth,Asbery,32,Male,179426
576,Marshall,Sutterby,64,Male,207923
577,Roseann,Pulley,49,Female,174851
578,Liane,Ferrai,76,Female,184818
579,Yolande,Gollop,22,Female,157791
580,Frasquito,Frowd,32,Male,111904
581,Basilio,Rissen,48,Male,256140
582,Winna,Digg,54,Female,72051
583,Gratiana,Mulberry,35,Non-binary,209478
584,Welsh,Ewells,33,Male,199955
585,Brian,Jull,46,Male,35579
586,Eve,Smithen,39,Female,157119
587,Pippy,Gallier,73,Female,240153
588,Arel,McKeurtan,70,Genderqueer,234987
589,Antonino,Sweed,59,Male,178375
590,Pacorro,Bamsey,66,Male,59205
591,Bridgette,Clemmey,42,Female,211825
592,Sayre,Rodolphe,54,Female,239576
593,Agna,Kerner,57,Female,61789
594,Dianne,Ricioppo,75,Female,86411
595,Jeremiah,Stamps,48,Male,174811
596,Emelina,Parradine,21,Bigender,85797
597,Kelly,Itzkovitch,72,Female,173976
598,Eadmund,Habbert,59,Polygender,213050
599,Linell,Wrathall,67,Female,108597
600,Giselbert,Glavis,74,Male,126318
601,Wheeler,Humpherson,32,Male,244602
602,Osbert,Casillis,36,Male,147546
603,Audry,Bernardino,38,Female,218830
604,Olivia,Prene,21,Genderfluid,226079
605,Evvie,Aiskrigg,74,Female,159791
606,Corliss,Mossbee,43,Female,203652
607,Shannon,Coombes,33,Female,255444
608,Bertie,Fairbairn,40,Female,36212
609,Husain,Loadsman,73,Male,251190
610,Lilah,Tregiddo,60,Female,65015
611,Godfry,Turmell,34,Male,132478
612,Vikky,Tiesman,72,Female,200461
613,Teddy,McFaell,33,Female,54150
614,Alexis,Gocher,44,Female,154658
615,Kandace,Kaming,42,Female,57045
616,Ellerey,Gaythor,51,Male,84686
617,Craggy,Dabels,19,Male,247895
618,Valli,McNaught,35,Female,175906
619,Sheelah,Bassford,48,Female,275477
620,Gerald,Blowne,22,Male,68684
621,L;urette,Rimmington,67,Female,191746
622,Saxon,Roskelley,39,Male,159479
623,Hogan,Malthus,60,Male,41613
624,Garvey,Winfindine,30,Male,208452
625,Kristel,Maillard,42,Female,170237
626,Mattie,Daborn,67,Polygender,146912
627,Lida,Caple,23,Female,130898
628,Cristabel,Dulen,67,Female,262456
629,Thorvald,Hatfull,35,Male,128277
630,Langsdon,Novotni,67,Agender,85372
631,Niko,Chesney,49,Male,235660
632,Kerr,Cronk,75,Male,158229
633,Brendis,Riste,60,Male,83774
634,Maxi,Guiot,39,Female,234321
635,Tommie,Eronie,18,Male,130714
636,Sylvia,Nourse,72,Female,35021
637,Larry,Ibeson,42,Male,176382
638,Tris,Minette,38,Male,208234
639,Yancey,Thoumasson,52,Male,167655
640,Sherie,Nannoni,38,Female,251074
641,Rolf,Goves,72,Male,42636
642,Cristian,Don,51,Male,95653
643,Friederike,Cherryman,42,Agender,221467
644,Katuscha,Aluard,43,Female,128326
645,Lilith,Frunks,39,Female,136878
646,Clarabelle,Rodd,72,Bigender,73594
647,Mayne,Ney,61,Male,219339
648,Templeton,Wharram,32,Male,48682
649,Tabbie,Hedaux,60,Male,184827
650,Linea,Mc Dermid,41,Female,177704
651,Virginia,Wellard,65,Female,179327
652,Happy,MacVicar,64,Female,126428
653,Donn,Folds,45,Male,143481
654,Jaimie,Bolley,47,Female,153156
655,Dietrich,Carn,51,Male,177776
656,Briney,Boldt,55,Female,147162
657,Ezechiel,Morales,29,Male,119400
658,Hagen,Mahaddie,28,Male,254602
659,Griz,Starford,24,Male,73864
660,Onofredo,Tomicki,50,Male,111979
661,Orlan,Feitosa,28,Male,123215
662,Marleah,Cicculi,24,Female,103362
663,Ronnica,Szymczyk,36,Female,145281
664,Doy,Tomas,27,Male,94278
665,Hurley,Bocking,42,Male,96131
666,Mervin,Jagiello,54,Male,188736
667,Goran,Westcar,32,Male,59083
668,Mohandis,Comoletti,65,Male,205417
669,Margaux,Seabrook,43,Female,232987
670,Julita,Hearsey,57,Female,145706
671,Jaquenetta,Wickson,42,Female,175008
672,Tybie,Orgee,58,Female,203508
673,Charmian,Snowdon,19,Female,57173
674,Stefano,Cholonin,52,Male,148936
675,Ella,Eckery,51,Female,195073
676,Gaven,Ivermee,69,Bigender,224487
677,Denys,Newe,25,Female,60084
678,Orazio,Decourt,45,Male,145969
679,Devora,Krugmann,22,Non-binary,147999
680,Arnie,Kalisch,53,Male,275795
681,Pippa,Freebury,31,Female,146492
682,Maxy,Lambillion,25,Male,242772
683,Leonidas,Tabbernor,37,Male,71300
684,Catlaina,Scawton,20,Female,185456
685,Marvin,Ortmann,30,Male,157002
686,Katherine,Lindenbaum,72,Female,53188
687,Farrell,Watchorn,44,Male,209963
688,Cyril,Lambricht,52,Male,213945
689,Ingemar,Cleevely,63,Male,89137
690,Melli,Collop,20,Female,204649
691,Lombard,Grishakov,75,Male,237463
692,Courtnay,Huller,26,Male,224329
693,Beatrix,O'Hickee,69,Polygender,203079
694,Pearline,Powley,72,Female,231298
695,Laverne,Biesty,34,Female,219211
696,Rasla,Airs,24,Female,259252
697,Teador,Fleis,76,Male,104444
698,Gonzales,Mangenet,76,Male,126815
699,Missie,Dogerty,74,Female,250475
700,Aviva,Saywell,48,Female,209031
701,Pavlov,Willicott,72,Male,259536
702,Bennie,Dankersley,25,Female,209784
703,Thomas,Sloss,26,Male,172802
704,Nicolle,Rebeiro,61,Female,153461
705,Cort,Vallens,48,Male,83968
706,Neill,Sickling,72,Male,221069
707,Allard,Ollerhead,76,Male,134582
708,Orrin,Dunnett,74,Male,255418
709,Woodrow,Lapidus,32,Male,131051
710,Noach,Franz,65,Male,189208
711,Cherish,Edworthie,27,Female,115820
712,Carmella,Rhoddie,56,Non-binary,165149
713,Zollie,MacLardie,25,Male,120311
714,Justis,Keelin,25,Male,174763
715,Steffie,Negal,18,Female,40185
716,Peria,Epton,41,Female,156582
717,Howard,Bartrop,34,Male,160919
718,Donnell,Overshott,34,Male,45396
719,Belia,Benning,74,Female,93771
720,Clay,Welldrake,31,Male,232158
721,Packston,Brand-Hardy,63,Male,180027
722,Laney,Cardno,51,Female,37068
723,Hogan,Faiers,69,Male,96663
724,Frederica,Rowson,68,Female,230832
725,Larissa,Pues,26,Female,132163
726,Ellie,Rayner,54,Female,147765
727,Had,Painten,40,Male,71111
728,Hendrika,Wickardt,70,Female,80202
729,Nita,Boxen,49,Female,76154
730,Rozalin,Oldridge,30,Female,134473
731,Theo,Kench,32,Female,170267
732,Kiley,Ouldred,39,Male,266494
733,Beniamino,Soame,71,Male,149728
734,Vaughn,Gerasch,45,Male,92274
735,Fidelity,Lettson,34,Female,100902
736,Shelton,Lillee,62,Male,65557
737,Langston,Bracken,60,Male,172212
738,Fancie,Billington,75,Female,199676
739,Burty,Emilien,52,Male,128984
740,Chelsae,Boteman,32,Female,74276
741,Tallou,Galton,50,Female,217813
742,Adela,Wainer,70,Female,172879
743,Raychel,Rosenstiel,21,Female,116116
744,Orly,Gilham,65,Female,66473
745,Tiff,Blainey,55,Female,192494
746,Borg,Wye,60,Male,164318
747,Gregory,Croyden,41,Male,135092
748,Zarah,Shouler,76,Female,165090
749,Ned,Sexten,42,Male,272727
750,Laurena,McGuckin,53,Female,172205
751,Patricio,Broomhall,33,Male,86322
752,Maisey,Carne,65,Non-binary,65420
753,Quinton,Midlar,58,Male,94411
754,Rochette,Wallentin,31,Female,48194
755,Iorgo,Tattersall,56,Male,75479
756,Benyamin,Rofe,32,Agender,218545
757,Christabel,Naisbet,74,Female,113284
758,Baillie,Manterfield,34,Male,119620
759,Toby,Agneau,37,Polygender,188146
760,Cchaddie,Falconer-Taylor,24,Male,106535
761,Trudey,Mingard,63,Non-binary,192561
762,Teador,Friary,22,Male,181335
763,Sophie,Yurin,58,Female,34312
764,Hermy,Kingswood,58,Male,192427
765,Filide,Loughlan,53,Female,107591
766,Ellsworth,Glaysher,74,Male,97115
767,Chris,Cosslett,61,Male,253322
768,Elnore,Juarez,59,Female,176220
769,Nichole,Waddingham,49,Male,192093
770,Maryjane,Kleisel,23,Female,122622
771,Alaine,Gartshore,40,Female,274301
772,Blakelee,Gillanders,20,Female,157096
773,Cornall,Lezemere,40,Male,184516
774,Fernanda,Lippiatt,36,Female,36606
775,Norton,Hessing,53,Male,191544
776,Kalli,Berthel,74,Female,184786
777,Sibbie,Stucksbury,73,Female,191452
778,Luke,Mawby,38,Male,36804
779,Robbin,Cutbirth,52,Female,222640
780,Glenda,Balffye,67,Female,34879
781,Isidro,Housen,22,Male,65921
782,Celeste,Snape,50,Female,154520
783,Barrie,Guillard,65,Bigender,212258
784,Ginnie,Ferrarotti,66,Female,44602
785,Mil,Sarten,28,Female,90342
786,Dyanna,Snadden,68,Genderqueer,102680
787,Niccolo,Milbourne,38,Male,269824
788,Ivonne,Goldsbury,72,Non-binary,145906
789,Cassy,Kittow,74,Female,229453
790,Richard,Croxall,23,Male,47605
791,Alejandrina,Hawthorn,57,Female,255042
792,Helen,Kleen,32,Female,198803
793,Benedick,Wytchard,47,Male,63133
794,Antonetta,Dredge,37,Female,77225
795,Aime,Jackson,52,Female,53468
796,Emlen,Bosence,63,Male,124594
797,Dwight,Reding,36,Male,120544
798,Gibb,Sherel,22,Male,195314
799,Gloriane,Feaveer,36,Female,108487
800,Melonie,Haney`,24,Female,105999
801,Berny,Janusz,32,Female,69662
802,Stefania,Darinton,28,Female,214582
803,Llewellyn,Vickress,43,Male,95944
804,Alex,Trussler,28,Bigender,235195
805,Terrye,Behan,65,Female,150781
806,Constantine,Piesold,58,Male,182875
807,Alberik,Chapier,20,Genderfluid,176333
808,Willow,Gerge,55,Polygender,241755
809,Siegfried,Christie,71,Male,237161
810,Ermanno,Hebburn,26,Male,168201
811,Estrellita,Mileham,30,Female,37479
812,Willy,Moncreiffe,47,Female,48318
813,Panchito,Pearce,46,Male,262360
814,Aldin,MacCorkell,21,Male,99504
815,Bartie,Sibille,56,Male,79789
816,Hunter,Agnolo,31,Male,219775
817,Rhodia,Booton,52,Female,243603
818,Josias,Godball,28,Male,57830
819,Mozes,Dymick,19,Bigender,127671
820,Alick,McQuie,18,Male,80286
821,Desmond,Szimoni,40,Male,207522
822,Tracy,Vassman,23,Agender,90578
823,Ede,Tweddell,63,Female,252783
824,Fredi,Gravenall,30,Female,42909
825,Paule,Kermit,62,Female,147272
826,Lizette,Gauntlett,43,Genderqueer,173389
827,Darda,Wallman,48,Female,252723
828,Mill,Abden,59,Male,94918
829,Carlina,Koles,52,Female,166519
830,Jasun,Speight,28,Male,69134
831,Juliane,Shillabear,36,Female,121440
832,Rees,Wixey,69,Male,212798
833,Eziechiele,Corneil,53,Male,148322
834,Sidnee,Ebbutt,65,Male,141852
835,Courtenay,Gossipin,66,Non-binary,172366
836,Lauralee,Savery,19,Female,228625
837,Gusti,Whettleton,51,Female,62049
838,Jarrett,Stovold,40,Male,58084
839,Toiboid,Sowerbutts,68,Male,262283
840,Valene,Baggot,41,Genderfluid,267668
841,Doretta,Osipov,64,Female,118997
842,Ashlan,Reynard,68,Female,77597
843,Ray,Nappin,51,Female,57656
844,Gifford,Fassan,40,Polygender,163317
845,Burke,Aris,28,Male,134841
846,Pepillo,Byre,35,Male,70592
847,Jess,Probet,46,Genderfluid,67499
848,Jayson,Leathers,48,Male,248771
849,Isis,Giovanardi,23,Genderqueer,161201
850,Emmett,McPhillimey,34,Male,266590
851,Albina,Lindner,43,Female,96921
852,Carly,Chaplain,35,Female,116345
853,Annabal,Hadden,29,Non-binary,244656
854,Raviv,Marrow,37,Male,275026
855,Millard,Stanfield,26,Male,126518
856,Collen,Trematick,48,Female,99839
857,Leslie,Wethered,42,Female,240263
858,Charmine,Chance,21,Bigender,43303
859,Merry,Bonnett,31,Male,222691
860,Linn,Hassekl,29,Male,178642
861,Konstantine,Ballance,27,Male,206299
862,Hynda,Eldrid,39,Female,177845
863,Kandace,Mullan,41,Female,258482
864,Eleonora,Migheli,46,Bigender,117839
865,Rich,Rannie,49,Male,226450
866,Sherlocke,Rangle,41,Male,64768
867,Cindelyn,Chitty,25,Female,55933
868,Ayn,Lawrenceson,55,Female,89390
869,Rourke,Lindholm,25,Non-binary,207623
870,Duffy,Travers,59,Male,254159
871,Davin,Ivamy,30,Male,114179
872,Kasey,Rosbrough,47,Female,159643
873,Genovera,Gregory,46,Female,80520
874,Arnold,Trevithick,58,Male,150032
875,Ban,Broom,52,Male,249059
876,Thatcher,Pover,19,Male,55033
877,Hastings,Darracott,75,Male,196686
878,Bail,Durrant,59,Polygender,235184
879,Jonas,Blamires,58,Male,92457
880,Sabina,Duly,57,Female,44644
881,Conrad,Wackly,59,Genderqueer,259143
882,Serge,Hatfield,61,Male,257168
883,Britney,Priestland,48,Female,44459
884,Elfie,Ortells,28,Female,173667
885,Amy,Brekonridge,74,Female,75111
886,Prentiss,Hoyland,63,Male,85343
887,Nicole,Bewly,62,Genderqueer,200442
888,Osmund,Rosevear,54,Male,230531
889,Lem,Kerins,64,Male,97095
890,Garvey,Gilffilland,36,Male,39930
891,Ardelle,Chasteau,66,Female,103411
892,Karyl,Luggar,52,Female,87396
893,Brien,Ekell,32,Polygender,70886
894,Roddy,Stokes,38,Male,126204
895,Upton,Chismon,24,Male,271961
896,Lyda,Vearnals,42,Female,142549
897,Muriel,Dallicoat,69,Polygender,103256
898,Nelli,Lenham,27,Female,252170
899,Katleen,Okroy,29,Female,78498
900,Kiersten,MacDougal,46,Female,168532
901,Helen-elizabeth,Derobert,56,Female,69026
902,Taffy,Creese,50,Female,145405
903,Pansy,Coling,66,Female,188254
904,Nedda,Brundall,36,Female,143398
905,Muhammad,Canario,58,Male,60266
906,King,Purches,38,Male,223987
907,Alden,Wisdom,46,Male,182225
908,Putnem,Holburn,66,Male,42214
909,Earle,Houston,69,Male,154565
910,Alex,Fransewich,70,Female,195574
911,Keary,Syratt,56,Male,153663
912,Emlynne,Gonnelly,60,Female,256644
913,Bogart,Hiskey,74,Male,36781
914,Bliss,Walliker,69,Female,213730
915,Paola,Cowdroy,56,Female,259147
916,Zea,Giddons,57,Genderqueer,264513
917,Paige,Bulled,70,Female,153643
918,Freddy,Gregoire,63,Genderqueer,177782
919,Carmencita,Bonsey,31,Female,251964
920,Morgan,Josofovitz,18,Female,273483
921,Mead,Gover,18,Female,47627
922,Edgardo,Olver,61,Male,129547
923,Gloria,Gregoire,70,Female,50043
924,Jemima,Obell,43,Female,249396
925,Corey,Romeo,46,Male,135935
926,Hashim,Kinnon,74,Male,275114
927,Chiarra,Puttock,61,Female,103208
928,Prinz,Leggitt,25,Male,140441
929,Joey,Boal,20,Male,134783
930,Reese,Bannell,31,Male,199386
931,Randy,Jonke,55,Female,102337
932,Claribel,Kempshall,48,Female,245057
933,Francklin,Leindecker,34,Male,97872
934,Riordan,Pikett,69,Male,141444
935,Chris,Matthewes,69,Female,267977
936,Marketa,Codlin,68,Female,79174
937,Itch,Pocklington,71,Male,226711
938,Isidora,Goldthorpe,62,Female,189158
939,Gallard,Gomer,35,Male,198736
940,Vivien,Pelz,56,Female,47285
941,Drusie,Peirpoint,18,Female,46104
942,Anthea,Souten,37,Female,209074
943,Shandie,Merredy,22,Female,258392
944,Georgeanne,Maybury,70,Female,88710
945,Janka,Gonzalo,63,Female,208548
946,Adelbert,Cann,47,Male,96026
947,Fitzgerald,Sturdy,23,Male,79853
948,Steffen,Jenton,35,Male,253655
949,Hildagarde,Ponting,54,Female,152493
950,Aida,Bernaciak,44,Female,158181
951,Moselle,Oddey,21,Female,71804
952,North,Jeffery,28,Male,204722
953,Nyssa,Fennelow,25,Female,194485
954,Waneta,Jerrans,72,Female,178797
955,Amabelle,Harrow,70,Female,102559
956,Tresa,de Banke,34,Female,166419
957,Shana,Ciotto,40,Female,122549
958,Ayn,Dy,71,Female,197464
959,Lavinie,Geratasch,28,Female,267463
960,Cathleen,Gerge,65,Genderqueer,87383
961,Cammy,Pateman,68,Male,214309
962,Basilius,Mattin,44,Male,154168
963,Lavina,Rickson,37,Female,85791
964,Felicio,Roset,33,Male,253133
965,Carmelia,Bruster,37,Female,147607
966,Carolin,Carrell,40,Female,229565
967,Lamond,Lawerence,47,Male,56272
968,Paddie,Hollyland,34,Male,185071
969,Brad,Thorp,71,Male,254461
970,Kimberlyn,Hayler,36,Female,44749
971,Hartley,Tarburn,26,Male,191523
972,Orv,Blune,27,Male,273549
973,Belinda,Dankersley,34,Female,135490
974,Charlton,Reith,20,Male,146867
975,Laney,Pechard,37,Female,67381
976,Gaultiero,Ingre,46,Male,228489
977,Monty,Berdale,50,Bigender,206047
978,Torr,Hegg,75,Male,180962
979,Davin,Rosoni,37,Male,186483
980,Winna,De Mattei,24,Female,119461
981,Salim,Tight,21,Male,200991
982,Sibbie,Cowpland,54,Female,91974
983,Shana,Levey,24,Female,181528
984,Antonio,Scanterbury,24,Male,255656
985,Celisse,Ludewig,32,Female,139291
986,Mose,Piesold,22,Male,253683
987,Penni,Etty,21,Female,160659
988,Renault,Gammill,41,Male,95507
989,Paco,Benmore,24,Male,217348
990,Jodi,Renfrew,70,Male,233574
991,Lezlie,Wanklyn,62,Female,243715
992,Franciska,Mallion,69,Polygender,141228
993,Dagmar,Ellicock,26,Female,37816
994,Elna,Gammill,39,Female,244844
995,Boony,Hallewell,21,Male,246045
996,Gerti,Cuthill,46,Female,227396
997,Granville,Waterson,41,Male,175883
998,Shae,Hackey,51,Female,111033
999,Neale,Davydenko,47,Male,57903
1000,Brande,Bertl,48,Female,273310
